<?xml version="1.0" encoding="UTF-8"?>
<!DOCTYPE codetemplates PUBLIC "-//NetBeans//DTD Editor Code Templates settings 1.0//EN" "http://www.netbeans.org/dtds/EditorCodeTemplates-1_0.dtd">
<codetemplates>
    <codetemplate abbreviation="forek" contexts="php-code" uuid="org.netbeans.modules.php.editor.codetemplate.foreachkey" xml:space="preserve">
        <code><![CDATA[foreach ($$${array_variable} as $$${number_variable} => $$${variable})
{
 ${cursor};
}]]></code>
    </codetemplate>
    <codetemplate abbreviation="fnc" contexts="php-code" uuid="org.netbeans.modules.php.editor.codetemplate.fnc" xml:space="preserve">
        <code><![CDATA[function ${function_name}()
{
  ${cursor};
}]]></code>
    </codetemplate>
    <codetemplate abbreviation="cls" contexts="php-code" uuid="org.netbeans.modules.php.editor.codetemplate.cls" xml:space="preserve">
        <code><![CDATA[class ${class_name}
{
  function __construct()
  {
    ${cursor};
  }
}]]></code>
    </codetemplate>
    <codetemplate abbreviation="if" contexts="php-code" uuid="org.netbeans.modules.php.editor.codetemplate.if" xml:space="preserve">
        <code><![CDATA[if (${condition})
{
	${cursor};
}]]></code>
    </codetemplate>
    <codetemplate abbreviation="fore" contexts="php-code" uuid="org.netbeans.modules.php.editor.codetemplate.foreach" xml:space="preserve">
        <code><![CDATA[foreach ($$${array_variable} as $$${variable})
{
  ${cursor};
}]]></code>
    </codetemplate>
    <codetemplate abbreviation="iter" contexts="php-code" uuid="org.netbeans.modules.php.editor.codetemplate.arrayIterator" xml:space="preserve">
        <code><![CDATA[for ($$${number_variable} = 0 ; $$${number_variable} < count($$${array_variable}) ; $$${number_variable}++)
{
  ${cursor};
}]]></code>
    </codetemplate>
    <codetemplate abbreviation="inst" contexts="php-code" uuid="org.netbeans.modules.php.editor.codetemplate.instanceof" xml:space="preserve">
        <code><![CDATA[if ($$${variable} instanceof ${class})
{
  ${cursor};
}]]></code>
    </codetemplate>
    <codetemplate abbreviation="elif" contexts="php-code" uuid="org.netbeans.modules.php.editor.codetemplate.elif" xml:space="preserve">
        <code><![CDATA[elseif (${condition})
{
	${cursor};
}]]></code>
    </codetemplate>
    <codetemplate abbreviation="els" contexts="php-code" uuid="org.netbeans.modules.php.editor.codetemplate.else" xml:space="preserve">
        <code><![CDATA[else
{
  ${cursor};
}]]></code>
    </codetemplate>
</codetemplates>
